<?xml version="1.0" encoding="UTF-8"?>
<project-private xmlns="http://www.netbeans.org/ns/project-private/1">
    <editor-bookmarks xmlns="http://www.netbeans.org/ns/editor-bookmarks/2" lastBookmarkId="0"/>
    <open-files xmlns="http://www.netbeans.org/ns/projectui-open-files/2">
        <group>
            <file>file:/C:/Users/dmm203/OneDrive%20-%20University%20of%20Texas%20at%20San%20Antonio/Desktop/DBMS%20Project/Domestic%20Gas%20Management%20System/web/index.html</file>
            <file>file:/C:/Users/dmm203/OneDrive%20-%20University%20of%20Texas%20at%20San%20Antonio/Desktop/DBMS%20Project/Domestic%20Gas%20Management%20System/web/DealerRegAction.jsp</file>
            <file>file:/C:/Users/dmm203/OneDrive%20-%20University%20of%20Texas%20at%20San%20Antonio/Desktop/DBMS%20Project/Domestic%20Gas%20Management%20System/web/DealerReg.jsp</file>
            <file>file:/C:/Users/dmm203/OneDrive%20-%20University%20of%20Texas%20at%20San%20Antonio/Desktop/DBMS%20Project/Domestic%20Gas%20Management%20System/web/PaymentDetails.jsp</file>
            <file>file:/C:/Users/dmm203/OneDrive%20-%20University%20of%20Texas%20at%20San%20Antonio/Desktop/DBMS%20Project/Domestic%20Gas%20Management%20System/web/CustomerHome.jsp</file>
            <file>file:/C:/Users/dmm203/OneDrive%20-%20University%20of%20Texas%20at%20San%20Antonio/Desktop/DBMS%20Project/Domestic%20Gas%20Management%20System/web/Paymentaction.jsp</file>
        </group>
    </open-files>
</project-private>
